{
    "parent": "item/generated",
    "textures": {
      "layer0": "minecraft:item/paper"
    },
    "overrides": [
      {"predicate": {"custom_model_data": 10000}, "model": "myplugin:item/cards/heart_a"},
      {"predicate": {"custom_model_data": 10001}, "model": "myplugin:item/cards/heart_2"},
      {"predicate": {"custom_model_data": 10002}, "model": "myplugin:item/cards/heart_3"},
      {"predicate": {"custom_model_data": 10003}, "model": "myplugin:item/cards/heart_4"},
      {"predicate": {"custom_model_data": 10004}, "model": "myplugin:item/cards/heart_5"},
      {"predicate": {"custom_model_data": 10005}, "model": "myplugin:item/cards/heart_6"},
      {"predicate": {"custom_model_data": 10006}, "model": "myplugin:item/cards/heart_7"},
      {"predicate": {"custom_model_data": 10007}, "model": "myplugin:item/cards/heart_8"},
      {"predicate": {"custom_model_data": 10008}, "model": "myplugin:item/cards/heart_9"},
      {"predicate": {"custom_model_data": 10009}, "model": "myplugin:item/cards/heart_10"},
      {"predicate": {"custom_model_data": 10010}, "model": "myplugin:item/cards/heart_j"},
      {"predicate": {"custom_model_data": 10011}, "model": "myplugin:item/cards/heart_q"},
      {"predicate": {"custom_model_data": 10012}, "model": "myplugin:item/cards/heart_k"},
      {"predicate": {"custom_model_data": 10013}, "model": "myplugin:item/cards/diamond_a"},
      {"predicate": {"custom_model_data": 10014}, "model": "myplugin:item/cards/diamond_2"},
      {"predicate": {"custom_model_data": 10015}, "model": "myplugin:item/cards/diamond_3"},
      {"predicate": {"custom_model_data": 10016}, "model": "myplugin:item/cards/diamond_4"},
      {"predicate": {"custom_model_data": 10017}, "model": "myplugin:item/cards/diamond_5"},
      {"predicate": {"custom_model_data": 10018}, "model": "myplugin:item/cards/diamond_6"},
      {"predicate": {"custom_model_data": 10019}, "model": "myplugin:item/cards/diamond_7"},
      {"predicate": {"custom_model_data": 10020}, "model": "myplugin:item/cards/diamond_8"},
      {"predicate": {"custom_model_data": 10021}, "model": "myplugin:item/cards/diamond_9"},
      {"predicate": {"custom_model_data": 10022}, "model": "myplugin:item/cards/diamond_10"},
      {"predicate": {"custom_model_data": 10023}, "model": "myplugin:item/cards/diamond_j"},
      {"predicate": {"custom_model_data": 10024}, "model": "myplugin:item/cards/diamond_q"},
      {"predicate": {"custom_model_data": 10025}, "model": "myplugin:item/cards/diamond_k"},
      {"predicate": {"custom_model_data": 10026}, "model": "myplugin:item/cards/club_a"},
      {"predicate": {"custom_model_data": 10027}, "model": "myplugin:item/cards/club_2"},
      {"predicate": {"custom_model_data": 10028}, "model": "myplugin:item/cards/club_3"},
      {"predicate": {"custom_model_data": 10029}, "model": "myplugin:item/cards/club_4"},
      {"predicate": {"custom_model_data": 10030}, "model": "myplugin:item/cards/club_5"},
      {"predicate": {"custom_model_data": 10031}, "model": "myplugin:item/cards/club_6"},
      {"predicate": {"custom_model_data": 10032}, "model": "myplugin:item/cards/club_7"},
      {"predicate": {"custom_model_data": 10033}, "model": "myplugin:item/cards/club_8"},
      {"predicate": {"custom_model_data": 10034}, "model": "myplugin:item/cards/club_9"},
      {"predicate": {"custom_model_data": 10035}, "model": "myplugin:item/cards/club_10"},
      {"predicate": {"custom_model_data": 10036}, "model": "myplugin:item/cards/club_j"},
      {"predicate": {"custom_model_data": 10037}, "model": "myplugin:item/cards/club_q"},
      {"predicate": {"custom_model_data": 10038}, "model": "myplugin:item/cards/club_k"},
      {"predicate": {"custom_model_data": 10039}, "model": "myplugin:item/cards/clover_a"},
      {"predicate": {"custom_model_data": 10040}, "model": "myplugin:item/cards/clover_2"},
      {"predicate": {"custom_model_data": 10041}, "model": "myplugin:item/cards/clover_3"},
      {"predicate": {"custom_model_data": 10042}, "model": "myplugin:item/cards/clover_4"},
      {"predicate": {"custom_model_data": 10043}, "model": "myplugin:item/cards/clover_5"},
      {"predicate": {"custom_model_data": 10044}, "model": "myplugin:item/cards/clover_6"},
      {"predicate": {"custom_model_data": 10045}, "model": "myplugin:item/cards/clover_7"},
      {"predicate": {"custom_model_data": 10046}, "model": "myplugin:item/cards/clover_8"},
      {"predicate": {"custom_model_data": 10047}, "model": "myplugin:item/cards/clover_9"},
      {"predicate": {"custom_model_data": 10048}, "model": "myplugin:item/cards/clover_10"},
      {"predicate": {"custom_model_data": 10049}, "model": "myplugin:item/cards/clover_j"},
      {"predicate": {"custom_model_data": 10050}, "model": "myplugin:item/cards/clover_q"},
      {"predicate": {"custom_model_data": 10051}, "model": "myplugin:item/cards/clover_k"},
      {"predicate": {"custom_model_data": 10999}, "model": "myplugin:item/cards/card_back"},
      {"predicate": {"custom_model_data": 90001}, "model": "myplugin:item/bets/bet1000"},
      {"predicate": {"custom_model_data": 90002}, "model": "myplugin:item/bets/bet1000"},
      {"predicate": {"custom_model_data": 90003}, "model": "myplugin:item/bets/bet10000"},
      {"predicate": {"custom_model_data": 90004}, "model": "myplugin:item/bets/bet10000"},
      {"predicate": {"custom_model_data": 90005}, "model": "myplugin:item/bets/bet100000"},
      {"predicate": {"custom_model_data": 90006}, "model": "myplugin:item/bets/bet100000"},
      {"predicate": {"custom_model_data": 91000}, "model": "myplugin:item/scores/score_0"},
      {"predicate": {"custom_model_data": 91001}, "model": "myplugin:item/scores/score_1"},
      {"predicate": {"custom_model_data": 91002}, "model": "myplugin:item/scores/score_2"},
      {"predicate": {"custom_model_data": 91003}, "model": "myplugin:item/scores/score_3"},
      {"predicate": {"custom_model_data": 91004}, "model": "myplugin:item/scores/score_4"},
      {"predicate": {"custom_model_data": 91005}, "model": "myplugin:item/scores/score_5"},
      {"predicate": {"custom_model_data": 91006}, "model": "myplugin:item/scores/score_6"},
      {"predicate": {"custom_model_data": 91007}, "model": "myplugin:item/scores/score_7"},
      {"predicate": {"custom_model_data": 91008}, "model": "myplugin:item/scores/score_8"},
      {"predicate": {"custom_model_data": 91009}, "model": "myplugin:item/scores/score_9"},
      {"predicate": {"custom_model_data": 91010}, "model": "myplugin:item/scores/score_10"},
      {"predicate": {"custom_model_data": 91011}, "model": "myplugin:item/scores/score_11"},
      {"predicate": {"custom_model_data": 91012}, "model": "myplugin:item/scores/score_12"},
      {"predicate": {"custom_model_data": 91013}, "model": "myplugin:item/scores/score_13"},
      {"predicate": {"custom_model_data": 91014}, "model": "myplugin:item/scores/score_14"},
      {"predicate": {"custom_model_data": 91015}, "model": "myplugin:item/scores/score_15"},
      {"predicate": {"custom_model_data": 91016}, "model": "myplugin:item/scores/score_16"},
      {"predicate": {"custom_model_data": 91017}, "model": "myplugin:item/scores/score_17"},
      {"predicate": {"custom_model_data": 91018}, "model": "myplugin:item/scores/score_18"},
      {"predicate": {"custom_model_data": 91019}, "model": "myplugin:item/scores/score_19"},
      {"predicate": {"custom_model_data": 91020}, "model": "myplugin:item/scores/score_20"},
      {"predicate": {"custom_model_data": 91021}, "model": "myplugin:item/scores/score_21"},
      {"predicate": {"custom_model_data": 91022}, "model": "myplugin:item/scores/score_22"},
      {"predicate": {"custom_model_data": 91023}, "model": "myplugin:item/scores/score_23"},
      {"predicate": {"custom_model_data": 91024}, "model": "myplugin:item/scores/score_24"},
      {"predicate": {"custom_model_data": 91025}, "model": "myplugin:item/scores/score_25"},
      {"predicate": {"custom_model_data": 91026}, "model": "myplugin:item/scores/score_26"},
      {"predicate": {"custom_model_data": 91027}, "model": "myplugin:item/scores/score_27"},
      {"predicate": {"custom_model_data": 91028}, "model": "myplugin:item/scores/score_28"},
      {"predicate": {"custom_model_data": 91029}, "model": "myplugin:item/scores/score_29"},
      {"predicate": {"custom_model_data": 91030}, "model": "myplugin:item/scores/score_30"},
      {"predicate": {"custom_model_data": 91031}, "model": "myplugin:item/scores/score_31"},
      {"predicate": {"custom_model_data": 91099}, "model": "myplugin:item/scores/score_hidden"}
    ]
  }