{
    "display": {
      "icon": {
        "item": "minecraft:diamond"
      },
      "title": {
        "translate": "결과 메시지"
      },
      "description": {
        "translate": "축하합니다! 게임에서 승리했습니다!"
      },
      "background": "minecraft:textures/gui/advancements/backgrounds/stone.png",
      "frame": "task",
      "announce_to_chat": false,
      "show_toast": false,
      "hidden": true
    },
    "criteria": {
      "impossible": {
        "trigger": "minecraft:impossible"
      }
    }
  }