{
    "providers": [
      {
        "type": "bitmap",
        "file": "minecraft:custom/scoreboard_title.png",
        "ascent": 8,
        "height": 16,
        "chars": ["\uE100"]
      },
      {
        "type": "bitmap",
        "file": "minecraft:custom/scoreboard_line_top.png",
        "ascent": 8,
        "height": 8,
        "chars": ["\uE101"]
      },
      {
        "type": "bitmap",
        "file": "minecraft:custom/scoreboard_line_middle.png",
        "ascent": 8,
        "height": 8,
        "chars": ["\uE102"]
      },
      {
        "type": "bitmap",
        "file": "minecraft:custom/scoreboard_line_bottom.png",
        "ascent": 8,
        "height": 8,
        "chars": ["\uE103"]
      },
      {
        "type": "bitmap",
        "file": "minecraft:custom/balance_icon.png",
        "ascent": 8,
        "height": 16,
        "chars": ["\uE104"]
      }
    ]
  }