{
    "parent": "item/generated",
    "textures": {
      "layer0": "item/paper"
    },
    "overrides": [
      {"predicate": {"custom_model_data": 10000}, "model": "cards/Card_Deck_heart_A"},
      {"predicate": {"custom_model_data": 10001}, "model": "cards/Card_Deck_heart_2"},
      {"predicate": {"custom_model_data": 10002}, "model": "cards/Card_Deck_heart_3"},
      {"predicate": {"custom_model_data": 10003}, "model": "cards/Card_Deck_heart_4"},
      {"predicate": {"custom_model_data": 10004}, "model": "cards/Card_Deck_heart_5"},
      {"predicate": {"custom_model_data": 10005}, "model": "cards/Card_Deck_heart_6"},
      {"predicate": {"custom_model_data": 10006}, "model": "cards/Card_Deck_heart_7"},
      {"predicate": {"custom_model_data": 10007}, "model": "cards/Card_Deck_heart_8"},
      {"predicate": {"custom_model_data": 10008}, "model": "cards/Card_Deck_heart_9"},
      {"predicate": {"custom_model_data": 10009}, "model": "cards/Card_Deck_heart_10"},
      {"predicate": {"custom_model_data": 10010}, "model": "cards/Card_Deck_heart_J"},
      {"predicate": {"custom_model_data": 10011}, "model": "cards/Card_Deck_heart_Q"},
      {"predicate": {"custom_model_data": 10012}, "model": "cards/Card_Deck_heart_K"},
      {"predicate": {"custom_model_data": 10013}, "model": "cards/Card_Deck_diamond_A"},
      {"predicate": {"custom_model_data": 10014}, "model": "cards/Card_Deck_diamond_2"},
      {"predicate": {"custom_model_data": 10015}, "model": "cards/Card_Deck_diamond_3"},
      {"predicate": {"custom_model_data": 10016}, "model": "cards/Card_Deck_diamond_4"},
      {"predicate": {"custom_model_data": 10017}, "model": "cards/Card_Deck_diamond_5"},
      {"predicate": {"custom_model_data": 10018}, "model": "cards/Card_Deck_diamond_6"},
      {"predicate": {"custom_model_data": 10019}, "model": "cards/Card_Deck_diamond_7"},
      {"predicate": {"custom_model_data": 10020}, "model": "cards/Card_Deck_diamond_8"},
      {"predicate": {"custom_model_data": 10021}, "model": "cards/Card_Deck_diamond_9"},
      {"predicate": {"custom_model_data": 10022}, "model": "cards/Card_Deck_diamond_10"},
      {"predicate": {"custom_model_data": 10023}, "model": "cards/Card_Deck_diamond_J"},
      {"predicate": {"custom_model_data": 10024}, "model": "cards/Card_Deck_diamond_Q"},
      {"predicate": {"custom_model_data": 10025}, "model": "cards/Card_Deck_diamond_K"},
      {"predicate": {"custom_model_data": 10026}, "model": "cards/Card_Deck_club_A"},
      {"predicate": {"custom_model_data": 10027}, "model": "cards/Card_Deck_club_2"},
      {"predicate": {"custom_model_data": 10028}, "model": "cards/Card_Deck_club_3"},
      {"predicate": {"custom_model_data": 10029}, "model": "cards/Card_Deck_club_4"},
      {"predicate": {"custom_model_data": 10030}, "model": "cards/Card_Deck_club_5"},
      {"predicate": {"custom_model_data": 10031}, "model": "cards/Card_Deck_club_6"},
      {"predicate": {"custom_model_data": 10032}, "model": "cards/Card_Deck_club_7"},
      {"predicate": {"custom_model_data": 10033}, "model": "cards/Card_Deck_club_8"},
      {"predicate": {"custom_model_data": 10034}, "model": "cards/Card_Deck_club_9"},
      {"predicate": {"custom_model_data": 10035}, "model": "cards/Card_Deck_club_10"},
      {"predicate": {"custom_model_data": 10036}, "model": "cards/Card_Deck_club_J"},
      {"predicate": {"custom_model_data": 10037}, "model": "cards/Card_Deck_club_Q"},
      {"predicate": {"custom_model_data": 10038}, "model": "cards/Card_Deck_club_K"},
      {"predicate": {"custom_model_data": 10039}, "model": "cards/Card_Deck_clover_A"},
      {"predicate": {"custom_model_data": 10040}, "model": "cards/Card_Deck_clover_2"},
      {"predicate": {"custom_model_data": 10041}, "model": "cards/Card_Deck_clover_3"},
      {"predicate": {"custom_model_data": 10042}, "model": "cards/Card_Deck_clover_4"},
      {"predicate": {"custom_model_data": 10043}, "model": "cards/Card_Deck_clover_5"},
      {"predicate": {"custom_model_data": 10044}, "model": "cards/Card_Deck_clover_6"},
      {"predicate": {"custom_model_data": 10045}, "model": "cards/Card_Deck_clover_7"},
      {"predicate": {"custom_model_data": 10046}, "model": "cards/Card_Deck_clover_8"},
      {"predicate": {"custom_model_data": 10047}, "model": "cards/Card_Deck_clover_9"},
      {"predicate": {"custom_model_data": 10048}, "model": "cards/Card_Deck_clover_10"},
      {"predicate": {"custom_model_data": 10049}, "model": "cards/Card_Deck_clover_J"},
      {"predicate": {"custom_model_data": 10050}, "model": "cards/Card_Deck_clover_Q"},
      {"predicate": {"custom_model_data": 10051}, "model": "cards/Card_Deck_clover_K"},
      {"predicate": {"custom_model_data": 10999}, "model": "cards/Card_Deck"}
    ]
  }